,ID,Name,Data_length,Year
0,AL011851,            UNNAMED,14,1851
1,AL021851,            UNNAMED,1,1851
2,AL031851,            UNNAMED,1,1851
3,AL041851,            UNNAMED,49,1851
4,AL051851,            UNNAMED,16,1851
5,AL061851,            UNNAMED,17,1851
6,AL011852,            UNNAMED,45,1852
7,AL021852,            UNNAMED,8,1852
8,AL031852,            UNNAMED,20,1852
9,AL041852,            UNNAMED,36,1852
10,AL051852,            UNNAMED,25,1852
11,AL011853,            UNNAMED,1,1853
12,AL021853,            UNNAMED,1,1853
13,AL031853,            UNNAMED,48,1853
14,AL041853,            UNNAMED,12,1853
15,AL051853,            UNNAMED,1,1853
16,AL061853,            UNNAMED,22,1853
17,AL071853,            UNNAMED,1,1853
18,AL081853,            UNNAMED,14,1853
19,AL011854,            UNNAMED,11,1854
20,AL021854,            UNNAMED,1,1854
21,AL031854,            UNNAMED,25,1854
22,AL041854,            UNNAMED,11,1854
23,AL051854,            UNNAMED,12,1854
24,AL011855,            UNNAMED,1,1855
25,AL021855,            UNNAMED,6,1855
26,AL031855,            UNNAMED,1,1855
27,AL041855,            UNNAMED,16,1855
28,AL051855,            UNNAMED,11,1855
29,AL011856,            UNNAMED,14,1856
30,AL021856,            UNNAMED,8,1856
31,AL031856,            UNNAMED,12,1856
32,AL041856,            UNNAMED,1,1856
33,AL051856,            UNNAMED,40,1856
34,AL061856,            UNNAMED,20,1856
35,AL011857,            UNNAMED,8,1857
36,AL021857,            UNNAMED,47,1857
37,AL031857,            UNNAMED,20,1857
38,AL041857,            UNNAMED,29,1857
39,AL011858,            UNNAMED,1,1858
40,AL021858,            UNNAMED,1,1858
41,AL031858,            UNNAMED,16,1858
42,AL041858,            UNNAMED,32,1858
43,AL051858,            UNNAMED,14,1858
44,AL061858,            UNNAMED,22,1858
45,AL011859,            UNNAMED,1,1859
46,AL021859,            UNNAMED,12,1859
47,AL031859,            UNNAMED,6,1859
48,AL041859,            UNNAMED,7,1859
49,AL051859,            UNNAMED,16,1859
50,AL061859,            UNNAMED,20,1859
51,AL071859,            UNNAMED,11,1859
52,AL081859,            UNNAMED,24,1859
53,AL011860,            UNNAMED,35,1860
54,AL021860,            UNNAMED,12,1860
55,AL041860,            UNNAMED,23,1860
56,AL031860,            UNNAMED,1,1860
57,AL051860,            UNNAMED,16,1860
58,AL061860,            UNNAMED,17,1860
59,AL071860,            UNNAMED,18,1860
60,AL011861,            UNNAMED,28,1861
61,AL021861,            UNNAMED,18,1861
62,AL031861,            UNNAMED,24,1861
63,AL041861,            UNNAMED,1,1861
64,AL051861,            UNNAMED,7,1861
65,AL061861,            UNNAMED,16,1861
66,AL071861,            UNNAMED,1,1861
67,AL081861,            UNNAMED,15,1861
68,AL011862,            UNNAMED,12,1862
69,AL021862,            UNNAMED,13,1862
70,AL031862,            UNNAMED,34,1862
71,AL041862,            UNNAMED,1,1862
72,AL051862,            UNNAMED,14,1862
73,AL061862,            UNNAMED,14,1862
74,AL011863,            UNNAMED,8,1863
75,AL021863,            UNNAMED,8,1863
76,AL031863,            UNNAMED,18,1863
77,AL041863,            UNNAMED,8,1863
78,AL051863,            UNNAMED,32,1863
79,AL061863,            UNNAMED,15,1863
80,AL071863,            UNNAMED,6,1863
81,AL081863,            UNNAMED,4,1863
82,AL091863,            UNNAMED,12,1863
83,AL011864,            UNNAMED,12,1864
84,AL021864,            UNNAMED,1,1864
85,AL031864,            UNNAMED,26,1864
86,AL041864,            UNNAMED,16,1864
87,AL051864,            UNNAMED,12,1864
88,AL011865,            UNNAMED,1,1865
89,AL021865,            UNNAMED,1,1865
90,AL031865,            UNNAMED,20,1865
91,AL041865,            UNNAMED,37,1865
92,AL051865,            UNNAMED,1,1865
93,AL061865,            UNNAMED,1,1865
94,AL071865,            UNNAMED,34,1865
95,AL011866,            UNNAMED,19,1866
96,AL021866,            UNNAMED,22,1866
97,AL031866,            UNNAMED,14,1866
98,AL041866,            UNNAMED,1,1866
99,AL051866,            UNNAMED,12,1866
100,AL061866,            UNNAMED,48,1866
101,AL071866,            UNNAMED,7,1866
102,AL011867,            UNNAMED,11,1867
103,AL021867,            UNNAMED,28,1867
104,AL031867,            UNNAMED,1,1867
105,AL041867,            UNNAMED,16,1867
106,AL051867,            UNNAMED,1,1867
107,AL061867,            UNNAMED,10,1867
108,AL071867,            UNNAMED,34,1867
109,AL081867,            UNNAMED,1,1867
110,AL091867,            UNNAMED,17,1867
111,AL011868,            UNNAMED,18,1868
112,AL021868,            UNNAMED,29,1868
113,AL031868,            UNNAMED,12,1868
114,AL041868,            UNNAMED,12,1868
115,AL011869,            UNNAMED,4,1869
116,AL021869,            UNNAMED,9,1869
117,AL031869,            UNNAMED,4,1869
118,AL041869,            UNNAMED,8,1869
119,AL051869,            UNNAMED,9,1869
120,AL061869,            UNNAMED,12,1869
121,AL071869,            UNNAMED,32,1869
122,AL081869,            UNNAMED,1,1869
123,AL091869,            UNNAMED,1,1869
124,AL101869,            UNNAMED,10,1869
125,AL011870,            UNNAMED,1,1870
126,AL021870,            UNNAMED,24,1870
127,AL031870,            UNNAMED,16,1870
128,AL041870,            UNNAMED,20,1870
129,AL051870,            UNNAMED,16,1870
130,AL061870,            UNNAMED,40,1870
131,AL071870,            UNNAMED,1,1870
132,AL081870,            UNNAMED,6,1870
133,AL091870,            UNNAMED,18,1870
134,AL101870,            UNNAMED,1,1870
135,AL111870,            UNNAMED,20,1870
136,AL011871,            UNNAMED,21,1871
137,AL021871,            UNNAMED,13,1871
138,AL031871,            UNNAMED,41,1871
139,AL041871,            UNNAMED,57,1871
140,AL051871,            UNNAMED,16,1871
141,AL061871,            UNNAMED,17,1871
142,AL071871,            UNNAMED,33,1871
143,AL081871,            UNNAMED,14,1871
144,AL011872,            UNNAMED,22,1872
145,AL021872,            UNNAMED,56,1872
146,AL031872,            UNNAMED,48,1872
147,AL041872,            UNNAMED,28,1872
148,AL051872,            UNNAMED,28,1872
149,AL011873,            UNNAMED,8,1873
150,AL021873,            UNNAMED,64,1873
151,AL031873,            UNNAMED,13,1873
152,AL041873,            UNNAMED,13,1873
153,AL051873,            UNNAMED,59,1873
154,AL011874,            UNNAMED,15,1874
155,AL021874,            UNNAMED,20,1874
156,AL031874,            UNNAMED,42,1874
157,AL041874,            UNNAMED,24,1874
158,AL051874,            UNNAMED,16,1874
159,AL061874,            UNNAMED,27,1874
160,AL071874,            UNNAMED,20,1874
161,AL011875,            UNNAMED,16,1875
162,AL021875,            UNNAMED,40,1875
163,AL031875,            UNNAMED,45,1875
164,AL041875,            UNNAMED,18,1875
165,AL051875,            UNNAMED,16,1875
166,AL061875,            UNNAMED,20,1875
167,AL011876,            UNNAMED,12,1876
168,AL021876,            UNNAMED,33,1876
169,AL031876,            UNNAMED,12,1876
170,AL041876,            UNNAMED,26,1876
171,AL051876,            UNNAMED,49,1876
172,AL011877,            UNNAMED,18,1877
173,AL021877,            UNNAMED,34,1877
174,AL031877,            UNNAMED,28,1877
175,AL041877,            UNNAMED,61,1877
176,AL051877,            UNNAMED,24,1877
177,AL061877,            UNNAMED,24,1877
178,AL071877,            UNNAMED,19,1877
179,AL081877,            UNNAMED,12,1877
180,AL011878,            UNNAMED,13,1878
181,AL021878,            UNNAMED,45,1878
182,AL031878,            UNNAMED,12,1878
183,AL041878,            UNNAMED,24,1878
184,AL051878,            UNNAMED,55,1878
185,AL061878,            UNNAMED,28,1878
186,AL071878,            UNNAMED,60,1878
187,AL081878,            UNNAMED,29,1878
188,AL091878,            UNNAMED,32,1878
189,AL101878,            UNNAMED,28,1878
190,AL111878,            UNNAMED,33,1878
191,AL121878,            UNNAMED,32,1878
192,AL011879,            UNNAMED,16,1879
193,AL021879,            UNNAMED,32,1879
194,AL031879,            UNNAMED,25,1879
195,AL041879,            UNNAMED,21,1879
196,AL051879,            UNNAMED,21,1879
197,AL061879,            UNNAMED,33,1879
198,AL071879,            UNNAMED,25,1879
199,AL081879,            UNNAMED,16,1879
200,AL011880,            UNNAMED,19,1880
201,AL021880,            UNNAMED,45,1880
202,AL031880,            UNNAMED,24,1880
203,AL041880,            UNNAMED,37,1880
204,AL051880,            UNNAMED,40,1880
205,AL061880,            UNNAMED,26,1880
206,AL071880,            UNNAMED,12,1880
207,AL081880,            UNNAMED,32,1880
208,AL091880,            UNNAMED,25,1880
209,AL101880,            UNNAMED,28,1880
210,AL111880,            UNNAMED,20,1880
211,AL011881,            UNNAMED,15,1881
212,AL031881,            UNNAMED,32,1881
213,AL021881,            UNNAMED,15,1881
214,AL041881,            UNNAMED,24,1881
215,AL051881,            UNNAMED,37,1881
216,AL061881,            UNNAMED,21,1881
217,AL071881,            UNNAMED,28,1881
218,AL011882,            UNNAMED,5,1882
219,AL021882,            UNNAMED,47,1882
220,AL031882,            UNNAMED,10,1882
221,AL041882,            UNNAMED,16,1882
222,AL051882,            UNNAMED,20,1882
223,AL061882,            UNNAMED,45,1882
224,AL011883,            UNNAMED,44,1883
225,AL021883,            UNNAMED,40,1883
226,AL031883,            UNNAMED,39,1883
227,AL041883,            UNNAMED,28,1883
228,AL011884,            UNNAMED,24,1884
229,AL021884,            UNNAMED,56,1884
230,AL031884,            UNNAMED,45,1884
231,AL041884,            UNNAMED,44,1884
232,AL011885,            UNNAMED,36,1885
233,AL021885,            UNNAMED,32,1885
234,AL031885,            UNNAMED,13,1885
235,AL041885,            UNNAMED,29,1885
236,AL051885,            UNNAMED,16,1885
237,AL061885,            UNNAMED,37,1885
238,AL071885,            UNNAMED,16,1885
239,AL081885,            UNNAMED,17,1885
240,AL011886,            UNNAMED,12,1886
241,AL021886,            UNNAMED,33,1886
242,AL031886,            UNNAMED,23,1886
243,AL041886,            UNNAMED,44,1886
244,AL051886,            UNNAMED,40,1886
245,AL061886,            UNNAMED,52,1886
246,AL071886,            UNNAMED,22,1886
247,AL081886,            UNNAMED,36,1886
248,AL091886,            UNNAMED,36,1886
249,AL101886,            UNNAMED,25,1886
250,AL111886,            UNNAMED,24,1886
251,AL121886,            UNNAMED,21,1886
252,AL011887,            UNNAMED,22,1887
253,AL021887,            UNNAMED,20,1887
254,AL031887,            UNNAMED,15,1887
255,AL041887,            UNNAMED,37,1887
256,AL051887,            UNNAMED,36,1887
257,AL061887,            UNNAMED,38,1887
258,AL071887,            UNNAMED,39,1887
259,AL081887,            UNNAMED,23,1887
260,AL091887,            UNNAMED,47,1887
261,AL101887,            UNNAMED,17,1887
262,AL111887,            UNNAMED,11,1887
263,AL121887,            UNNAMED,8,1887
264,AL131887,            UNNAMED,53,1887
265,AL141887,            UNNAMED,11,1887
266,AL151887,            UNNAMED,18,1887
267,AL161887,            UNNAMED,35,1887
268,AL171887,            UNNAMED,30,1887
269,AL181887,            UNNAMED,26,1887
270,AL191887,            UNNAMED,23,1887
271,AL011888,            UNNAMED,12,1888
272,AL021888,            UNNAMED,10,1888
273,AL031888,            UNNAMED,44,1888
274,AL041888,            UNNAMED,34,1888
275,AL051888,            UNNAMED,28,1888
276,AL061888,            UNNAMED,18,1888
277,AL071888,            UNNAMED,20,1888
278,AL081888,            UNNAMED,31,1888
279,AL091888,            UNNAMED,64,1888
280,AL011889,            UNNAMED,24,1889
281,AL021889,            UNNAMED,25,1889
282,AL031889,            UNNAMED,39,1889
283,AL041889,            UNNAMED,48,1889
284,AL051889,            UNNAMED,40,1889
285,AL061889,            UNNAMED,61,1889
286,AL071889,            UNNAMED,31,1889
287,AL081889,            UNNAMED,29,1889
288,AL091889,            UNNAMED,27,1889
289,AL011890,            UNNAMED,10,1890
290,AL021890,            UNNAMED,41,1890
291,AL031890,            UNNAMED,33,1890
292,AL041890,            UNNAMED,6,1890
293,AL011891,            UNNAMED,22,1891
294,AL021891,            UNNAMED,51,1891
295,AL031891,            UNNAMED,31,1891
296,AL041891,            UNNAMED,34,1891
297,AL051891,            UNNAMED,44,1891
298,AL061891,            UNNAMED,39,1891
299,AL071891,            UNNAMED,25,1891
300,AL081891,            UNNAMED,35,1891
301,AL091891,            UNNAMED,34,1891
302,AL101891,            UNNAMED,13,1891
303,AL011892,            UNNAMED,33,1892
304,AL021892,            UNNAMED,40,1892
305,AL031892,            UNNAMED,58,1892
306,AL041892,            UNNAMED,37,1892
307,AL051892,            UNNAMED,48,1892
308,AL061892,            UNNAMED,11,1892
309,AL071892,            UNNAMED,45,1892
310,AL081892,            UNNAMED,30,1892
311,AL091892,            UNNAMED,35,1892
312,AL011893,            UNNAMED,36,1893
313,AL021893,            UNNAMED,14,1893
314,AL031893,            UNNAMED,50,1893
315,AL041893,            UNNAMED,47,1893
316,AL051893,            UNNAMED,16,1893
317,AL061893,            UNNAMED,75,1893
318,AL071893,            UNNAMED,39,1893
319,AL081893,            UNNAMED,24,1893
320,AL091893,            UNNAMED,84,1893
321,AL101893,            UNNAMED,35,1893
322,AL111893,            UNNAMED,16,1893
323,AL121893,            UNNAMED,32,1893
324,AL011894,            UNNAMED,16,1894
325,AL021894,            UNNAMED,19,1894
326,AL031894,            UNNAMED,44,1894
327,AL041894,            UNNAMED,57,1894
328,AL051894,            UNNAMED,49,1894
329,AL061894,            UNNAMED,40,1894
330,AL071894,            UNNAMED,42,1894
331,AL011895,            UNNAMED,17,1895
332,AL021895,            UNNAMED,36,1895
333,AL031895,            UNNAMED,39,1895
334,AL041895,            UNNAMED,24,1895
335,AL051895,            UNNAMED,59,1895
336,AL061895,            UNNAMED,17,1895
337,AL011896,            UNNAMED,34,1896
338,AL021896,            UNNAMED,52,1896
339,AL031896,            UNNAMED,43,1896
340,AL041896,            UNNAMED,35,1896
341,AL051896,            UNNAMED,40,1896
342,AL061896,            UNNAMED,59,1896
343,AL071896,            UNNAMED,12,1896
344,AL011897,            UNNAMED,43,1897
345,AL021897,            UNNAMED,16,1897
346,AL031897,            UNNAMED,25,1897
347,AL041897,            UNNAMED,20,1897
348,AL051897,            UNNAMED,54,1897
349,AL061897,            UNNAMED,36,1897
350,AL011898,            UNNAMED,10,1898
351,AL021898,            UNNAMED,12,1898
352,AL031898,            UNNAMED,12,1898
353,AL041898,            UNNAMED,61,1898
354,AL051898,            UNNAMED,43,1898
355,AL061898,            UNNAMED,35,1898
356,AL071898,            UNNAMED,49,1898
357,AL081898,            UNNAMED,13,1898
358,AL091898,            UNNAMED,51,1898
359,AL101898,            UNNAMED,12,1898
360,AL111898,            UNNAMED,35,1898
361,AL011899,            UNNAMED,7,1899
362,AL021899,            UNNAMED,24,1899
363,AL031899,            UNNAMED,133,1899
364,AL041899,            UNNAMED,43,1899
365,AL051899,            UNNAMED,52,1899
366,AL061899,            UNNAMED,26,1899
367,AL071899,            UNNAMED,17,1899
368,AL081899,            UNNAMED,14,1899
369,AL091899,            UNNAMED,41,1899
370,AL101899,            UNNAMED,16,1899
371,AL011900,            UNNAMED,81,1900
372,AL021900,            UNNAMED,50,1900
373,AL031900,            UNNAMED,62,1900
374,AL041900,            UNNAMED,21,1900
375,AL051900,            UNNAMED,42,1900
376,AL061900,            UNNAMED,24,1900
377,AL071900,            UNNAMED,24,1900
378,AL011901,            UNNAMED,21,1901
379,AL021901,            UNNAMED,39,1901
380,AL031901,            UNNAMED,42,1901
381,AL041901,            UNNAMED,71,1901
382,AL051901,            UNNAMED,18,1901
383,AL061901,            UNNAMED,22,1901
384,AL071901,            UNNAMED,55,1901
385,AL081901,            UNNAMED,44,1901
386,AL091901,            UNNAMED,24,1901
387,AL101901,            UNNAMED,48,1901
388,AL111901,            UNNAMED,39,1901
389,AL121901,            UNNAMED,16,1901
390,AL131901,            UNNAMED,30,1901
391,AL011902,            UNNAMED,23,1902
392,AL021902,            UNNAMED,37,1902
393,AL031902,            UNNAMED,39,1902
394,AL041902,            UNNAMED,44,1902
395,AL051902,            UNNAMED,24,1902
396,AL011903,            UNNAMED,24,1903
397,AL021903,            UNNAMED,43,1903
398,AL031903,            UNNAMED,33,1903
399,AL041903,            UNNAMED,25,1903
400,AL051903,            UNNAMED,32,1903
401,AL061903,            UNNAMED,19,1903
402,AL071903,            UNNAMED,40,1903
403,AL081903,            UNNAMED,24,1903
404,AL091903,            UNNAMED,27,1903
405,AL101903,            UNNAMED,35,1903
406,AL011904,            UNNAMED,18,1904
407,AL021904,            UNNAMED,33,1904
408,AL031904,            UNNAMED,28,1904
409,AL041904,            UNNAMED,41,1904
410,AL051904,            UNNAMED,27,1904
411,AL061904,            UNNAMED,26,1904
412,AL011905,            UNNAMED,10,1905
413,AL021905,            UNNAMED,22,1905
414,AL031905,            UNNAMED,28,1905
415,AL041905,            UNNAMED,51,1905
416,AL051905,            UNNAMED,28,1905
417,AL011906,            UNNAMED,27,1906
418,AL021906,            UNNAMED,41,1906
419,AL031906,            UNNAMED,15,1906
420,AL041906,            UNNAMED,74,1906
421,AL051906,            UNNAMED,63,1906
422,AL061906,            UNNAMED,45,1906
423,AL071906,            UNNAMED,44,1906
424,AL081906,            UNNAMED,65,1906
425,AL091906,            UNNAMED,15,1906
426,AL101906,            UNNAMED,23,1906
427,AL111906,            UNNAMED,22,1906
428,AL011907,            UNNAMED,27,1907
429,AL021907,            UNNAMED,23,1907
430,AL031907,            UNNAMED,13,1907
431,AL041907,            UNNAMED,12,1907
432,AL051907,            UNNAMED,28,1907
433,AL011908,            UNNAMED,14,1908
434,AL021908,            UNNAMED,32,1908
435,AL031908,            UNNAMED,43,1908
436,AL041908,            UNNAMED,25,1908
437,AL051908,            UNNAMED,15,1908
438,AL061908,            UNNAMED,50,1908
439,AL071908,            UNNAMED,10,1908
440,AL081908,            UNNAMED,66,1908
441,AL091908,            UNNAMED,20,1908
442,AL101908,            UNNAMED,18,1908
443,AL011909,            UNNAMED,20,1909
444,AL021909,            UNNAMED,22,1909
445,AL031909,            UNNAMED,36,1909
446,AL041909,            UNNAMED,38,1909
447,AL051909,            UNNAMED,20,1909
448,AL061909,            UNNAMED,34,1909
449,AL071909,            UNNAMED,14,1909
450,AL081909,            UNNAMED,17,1909
451,AL091909,            UNNAMED,35,1909
452,AL101909,            UNNAMED,21,1909
453,AL111909,            UNNAMED,30,1909
454,AL121909,            UNNAMED,26,1909
455,AL011910,            UNNAMED,27,1910
456,AL021910,            UNNAMED,22,1910
457,AL031910,            UNNAMED,44,1910
458,AL041910,            UNNAMED,23,1910
459,AL051910,            UNNAMED,59,1910
460,AL011911,            UNNAMED,31,1911
461,AL021911,            UNNAMED,26,1911
462,AL031911,            UNNAMED,35,1911
463,AL041911,            UNNAMED,38,1911
464,AL051911,            UNNAMED,22,1911
465,AL061911,            UNNAMED,25,1911
466,AL011912,            UNNAMED,42,1912
467,AL021912,            UNNAMED,22,1912
468,AL031912,            UNNAMED,20,1912
469,AL041912,            UNNAMED,21,1912
470,AL051912,            UNNAMED,30,1912
471,AL061912,            UNNAMED,27,1912
472,AL071912,            UNNAMED,43,1912
473,AL011913,            UNNAMED,33,1913
474,AL021913,            UNNAMED,10,1913
475,AL031913,            UNNAMED,70,1913
476,AL041913,            UNNAMED,22,1913
477,AL051913,            UNNAMED,36,1913
478,AL061913,            UNNAMED,10,1913
479,AL011914,            UNNAMED,19,1914
480,AL011915,            UNNAMED,22,1915
481,AL021915,            UNNAMED,75,1915
482,AL031915,            UNNAMED,59,1915
483,AL041915,            UNNAMED,27,1915
484,AL051915,            UNNAMED,16,1915
485,AL061915,            UNNAMED,42,1915
486,AL011916,            UNNAMED,19,1916
487,AL021916,            UNNAMED,51,1916
488,AL031916,            UNNAMED,52,1916
489,AL041916,            UNNAMED,20,1916
490,AL051916,            UNNAMED,10,1916
491,AL061916,            UNNAMED,33,1916
492,AL071916,            UNNAMED,22,1916
493,AL081916,            UNNAMED,26,1916
494,AL091916,            UNNAMED,11,1916
495,AL101916,            UNNAMED,35,1916
496,AL111916,            UNNAMED,31,1916
497,AL121916,            UNNAMED,13,1916
498,AL131916,            UNNAMED,36,1916
499,AL141916,            UNNAMED,43,1916
500,AL151916,            UNNAMED,22,1916
501,AL011917,            UNNAMED,33,1917
502,AL021917,            UNNAMED,24,1917
503,AL031917,            UNNAMED,35,1917
504,AL041917,            UNNAMED,43,1917
505,AL011918,            UNNAMED,28,1918
506,AL021918,            UNNAMED,18,1918
507,AL031918,            UNNAMED,15,1918
508,AL041918,            UNNAMED,23,1918
509,AL051918,            UNNAMED,27,1918
510,AL061918,            UNNAMED,23,1918
511,AL011919,            UNNAMED,16,1919
512,AL031919,            UNNAMED,13,1919
513,AL021919,            UNNAMED,59,1919
514,AL041919,            UNNAMED,14,1919
515,AL051919,            UNNAMED,24,1919
516,AL011920,            UNNAMED,38,1920
517,AL021920,            UNNAMED,30,1920
518,AL031920,            UNNAMED,20,1920
519,AL041920,            UNNAMED,18,1920
520,AL051920,            UNNAMED,24,1920
521,AL011921,            UNNAMED,43,1921
522,AL021921,            UNNAMED,16,1921
523,AL031921,            UNNAMED,48,1921
524,AL041921,            UNNAMED,28,1921
525,AL051921,            UNNAMED,36,1921
526,AL061921,            UNNAMED,43,1921
527,AL071921,            UNNAMED,28,1921
528,AL011922,            UNNAMED,18,1922
529,AL021922,            UNNAMED,62,1922
530,AL031922,            UNNAMED,29,1922
531,AL041922,            UNNAMED,46,1922
532,AL051922,            UNNAMED,24,1922
533,AL011923,            UNNAMED,28,1923
534,AL021923,            UNNAMED,39,1923
535,AL031923,            UNNAMED,17,1923
536,AL041923,            UNNAMED,21,1923
537,AL051923,            UNNAMED,41,1923
538,AL061923,            UNNAMED,22,1923
539,AL071923,            UNNAMED,21,1923
540,AL081923,            UNNAMED,23,1923
541,AL091923,            UNNAMED,12,1923
542,AL011924,            UNNAMED,14,1924
543,AL021924,            UNNAMED,11,1924
544,AL031924,            UNNAMED,50,1924
545,AL041924,            UNNAMED,48,1924
546,AL051924,            UNNAMED,29,1924
547,AL061924,            UNNAMED,12,1924
548,AL071924,            UNNAMED,48,1924
549,AL081924,            UNNAMED,18,1924
550,AL091924,            UNNAMED,16,1924
551,AL101924,            UNNAMED,40,1924
552,AL111924,            UNNAMED,38,1924
553,AL011925,            UNNAMED,14,1925
554,AL021925,            UNNAMED,11,1925
555,AL031925,            UNNAMED,8,1925
556,AL041925,            UNNAMED,36,1925
557,AL011926,            UNNAMED,47,1926
558,AL021926,            UNNAMED,42,1926
559,AL031926,            UNNAMED,31,1926
560,AL041926,            UNNAMED,95,1926
561,AL051926,            UNNAMED,19,1926
562,AL061926,            UNNAMED,27,1926
563,AL071926,            UNNAMED,46,1926
564,AL081926,            UNNAMED,42,1926
565,AL091926,            UNNAMED,11,1926
566,AL101926,            UNNAMED,57,1926
567,AL111926,            UNNAMED,18,1926
568,AL011927,            UNNAMED,45,1927
569,AL021927,            UNNAMED,39,1927
570,AL031927,            UNNAMED,28,1927
571,AL041927,            UNNAMED,36,1927
572,AL051927,            UNNAMED,17,1927
573,AL061927,            UNNAMED,14,1927
574,AL071927,            UNNAMED,20,1927
575,AL081927,            UNNAMED,12,1927
576,AL011928,            UNNAMED,46,1928
577,AL021928,            UNNAMED,42,1928
578,AL031928,            UNNAMED,29,1928
579,AL041928,            UNNAMED,62,1928
580,AL051928,            UNNAMED,20,1928
581,AL061928,            UNNAMED,22,1928
582,AL011929,            UNNAMED,15,1929
583,AL021929,            UNNAMED,67,1929
584,AL031929,            UNNAMED,20,1929
585,AL041929,            UNNAMED,22,1929
586,AL051929,            UNNAMED,15,1929
587,AL011930,            UNNAMED,50,1930
588,AL021930,            UNNAMED,81,1930
589,AL031930,            UNNAMED,12,1930
590,AL011931,            UNNAMED,19,1931
591,AL021931,            UNNAMED,26,1931
592,AL031931,            UNNAMED,34,1931
593,AL041931,            UNNAMED,21,1931
594,AL051931,            UNNAMED,13,1931
595,AL061931,            UNNAMED,28,1931
596,AL071931,            UNNAMED,33,1931
597,AL081931,            UNNAMED,25,1931
598,AL091931,            UNNAMED,13,1931
599,AL101931,            UNNAMED,18,1931
600,AL111931,            UNNAMED,18,1931
601,AL121931,            UNNAMED,22,1931
602,AL131931,            UNNAMED,15,1931
603,AL011932,            UNNAMED,23,1932
604,AL021932,            UNNAMED,17,1932
605,AL031932,            UNNAMED,39,1932
606,AL041932,            UNNAMED,73,1932
607,AL051932,            UNNAMED,16,1932
608,AL061932,            UNNAMED,38,1932
609,AL071932,            UNNAMED,44,1932
610,AL081932,            UNNAMED,17,1932
611,AL091932,            UNNAMED,31,1932
612,AL101932,            UNNAMED,10,1932
613,AL111932,            UNNAMED,47,1932
614,AL121932,            UNNAMED,18,1932
615,AL131932,            UNNAMED,13,1932
616,AL141932,            UNNAMED,63,1932
617,AL151932,            UNNAMED,31,1932
618,AL011933,            UNNAMED,22,1933
619,AL021933,            UNNAMED,53,1933
620,AL031933,            UNNAMED,55,1933
621,AL041933,            UNNAMED,11,1933
622,AL051933,            UNNAMED,51,1933
623,AL061933,            UNNAMED,62,1933
624,AL071933,            UNNAMED,31,1933
625,AL081933,            UNNAMED,60,1933
626,AL091933,            UNNAMED,34,1933
627,AL101933,            UNNAMED,14,1933
628,AL111933,            UNNAMED,33,1933
629,AL121933,            UNNAMED,60,1933
630,AL131933,            UNNAMED,23,1933
631,AL141933,            UNNAMED,38,1933
632,AL151933,            UNNAMED,17,1933
633,AL161933,            UNNAMED,16,1933
634,AL171933,            UNNAMED,33,1933
635,AL181933,            UNNAMED,55,1933
636,AL191933,            UNNAMED,20,1933
637,AL201933,            UNNAMED,8,1933
638,AL011934,            UNNAMED,71,1934
639,AL021934,            UNNAMED,21,1934
640,AL031934,            UNNAMED,20,1934
641,AL041934,            UNNAMED,11,1934
642,AL051934,            UNNAMED,27,1934
643,AL061934,            UNNAMED,15,1934
644,AL071934,            UNNAMED,24,1934
645,AL081934,            UNNAMED,29,1934
646,AL091934,            UNNAMED,30,1934
647,AL101934,            UNNAMED,12,1934
648,AL111934,            UNNAMED,23,1934
649,AL121934,            UNNAMED,17,1934
650,AL131934,            UNNAMED,42,1934
651,AL011935,            UNNAMED,17,1935
652,AL021935,            UNNAMED,43,1935
653,AL031935,            UNNAMED,52,1935
654,AL041935,            UNNAMED,15,1935
655,AL051935,            UNNAMED,39,1935
656,AL061935,            UNNAMED,36,1935
657,AL071935,            UNNAMED,39,1935
658,AL081935,            UNNAMED,45,1935
659,AL011936,            UNNAMED,23,1936
660,AL021936,            UNNAMED,13,1936
661,AL031936,            UNNAMED,8,1936
662,AL041936,            UNNAMED,10,1936
663,AL051936,            UNNAMED,24,1936
664,AL061936,            UNNAMED,31,1936
665,AL071936,            UNNAMED,21,1936
666,AL081936,            UNNAMED,20,1936
667,AL091936,            UNNAMED,14,1936
668,AL101936,            UNNAMED,49,1936
669,AL111936,            UNNAMED,13,1936
670,AL121936,            UNNAMED,5,1936
671,AL131936,            UNNAMED,71,1936
672,AL141936,            UNNAMED,22,1936
673,AL151936,            UNNAMED,28,1936
674,AL161936,            UNNAMED,9,1936
675,AL171936,            UNNAMED,55,1936
676,AL011937,            UNNAMED,21,1937
677,AL021937,            UNNAMED,28,1937
678,AL031937,            UNNAMED,39,1937
679,AL041937,            UNNAMED,24,1937
680,AL051937,            UNNAMED,9,1937
681,AL061937,            UNNAMED,31,1937
682,AL071937,            UNNAMED,23,1937
683,AL081937,            UNNAMED,34,1937
684,AL091937,            UNNAMED,28,1937
685,AL101937,            UNNAMED,11,1937
686,AL111937,            UNNAMED,11,1937
687,AL011938,            UNNAMED,22,1938
688,AL021938,            UNNAMED,7,1938
689,AL031938,            UNNAMED,24,1938
690,AL041938,            UNNAMED,24,1938
691,AL051938,            UNNAMED,19,1938
692,AL061938,            UNNAMED,57,1938
693,AL071938,            UNNAMED,30,1938
694,AL081938,            UNNAMED,19,1938
695,AL091938,            UNNAMED,15,1938
696,AL011939,            UNNAMED,28,1939
697,AL021939,            UNNAMED,50,1939
698,AL031939,            UNNAMED,24,1939
699,AL041939,            UNNAMED,19,1939
700,AL051939,            UNNAMED,30,1939
701,AL061939,            UNNAMED,39,1939
702,AL011940,            UNNAMED,32,1940
703,AL021940,            UNNAMED,31,1940
704,AL031940,            UNNAMED,38,1940
705,AL041940,            UNNAMED,34,1940
706,AL051940,            UNNAMED,49,1940
707,AL061940,            UNNAMED,29,1940
708,AL071940,            UNNAMED,27,1940
709,AL081940,            UNNAMED,19,1940
710,AL091940,            UNNAMED,21,1940
711,AL011941,            UNNAMED,22,1941
712,AL021941,            UNNAMED,40,1941
713,AL031941,            UNNAMED,32,1941
714,AL041941,            UNNAMED,29,1941
715,AL051941,            UNNAMED,44,1941
716,AL061941,            UNNAMED,30,1941
717,AL011942,            UNNAMED,12,1942
718,AL021942,            UNNAMED,26,1942
719,AL031942,            UNNAMED,38,1942
720,AL041942,            UNNAMED,39,1942
721,AL051942,            UNNAMED,32,1942
722,AL061942,            UNNAMED,27,1942
723,AL071942,            UNNAMED,13,1942
724,AL081942,            UNNAMED,22,1942
725,AL091942,            UNNAMED,12,1942
726,AL101942,            UNNAMED,22,1942
727,AL111942,            UNNAMED,28,1942
728,AL011943,            UNNAMED,18,1943
729,AL021943,            UNNAMED,26,1943
730,AL031943,            UNNAMED,34,1943
731,AL041943,            UNNAMED,36,1943
732,AL051943,            UNNAMED,18,1943
733,AL061943,            UNNAMED,20,1943
734,AL071943,            UNNAMED,16,1943
735,AL081943,            UNNAMED,11,1943
736,AL091943,            UNNAMED,25,1943
737,AL101943,            UNNAMED,26,1943
738,AL011944,            UNNAMED,28,1944
739,AL021944,            UNNAMED,15,1944
740,AL031944,            UNNAMED,21,1944
741,AL041944,            UNNAMED,32,1944
742,AL051944,            UNNAMED,20,1944
743,AL061944,            UNNAMED,13,1944
744,AL071944,            UNNAMED,32,1944
745,AL081944,            UNNAMED,14,1944
746,AL091944,            UNNAMED,29,1944
747,AL101944,            UNNAMED,13,1944
748,AL111944,            UNNAMED,13,1944
749,AL121944,            UNNAMED,20,1944
750,AL131944,            UNNAMED,51,1944
751,AL141944,            UNNAMED,12,1944
752,AL011945,            UNNAMED,59,1945
753,AL021945,            UNNAMED,13,1945
754,AL031945,            UNNAMED,12,1945
755,AL041945,            UNNAMED,15,1945
756,AL051945,            UNNAMED,24,1945
757,AL061945,            UNNAMED,15,1945
758,AL071945,            UNNAMED,13,1945
759,AL081945,            UNNAMED,14,1945
760,AL091945,            UNNAMED,39,1945
761,AL101945,            UNNAMED,22,1945
762,AL111945,            UNNAMED,26,1945
763,AL011946,            UNNAMED,14,1946
764,AL021946,            UNNAMED,24,1946
765,AL031946,            UNNAMED,6,1946
766,AL041946,            UNNAMED,26,1946
767,AL051946,            UNNAMED,20,1946
768,AL061946,            UNNAMED,39,1946
769,AL071946,            UNNAMED,13,1946
770,AL011947,            UNNAMED,10,1947
771,AL021947,            UNNAMED,31,1947
772,AL031947,            UNNAMED,39,1947
773,AL041947,            UNNAMED,73,1947
774,AL051947,            UNNAMED,10,1947
775,AL061947,            UNNAMED,27,1947
776,AL071947,            UNNAMED,16,1947
777,AL081947,            UNNAMED,13,1947
778,AL091947,            UNNAMED,36,1947
779,AL101947,            UNNAMED,22,1947
780,AL011948,            UNNAMED,28,1948
781,AL021948,            UNNAMED,18,1948
782,AL031948,            UNNAMED,44,1948
783,AL041948,            UNNAMED,10,1948
784,AL051948,            UNNAMED,22,1948
785,AL061948,            UNNAMED,54,1948
786,AL071948,            UNNAMED,14,1948
787,AL081948,            UNNAMED,36,1948
788,AL091948,            UNNAMED,56,1948
789,AL101948,            UNNAMED,11,1948
790,AL011949,            UNNAMED,37,1949
791,AL021949,            UNNAMED,40,1949
792,AL031949,            UNNAMED,14,1949
793,AL041949,            UNNAMED,35,1949
794,AL051949,            UNNAMED,11,1949
795,AL061949,            UNNAMED,47,1949
796,AL071949,            UNNAMED,14,1949
797,AL081949,            UNNAMED,16,1949
798,AL091949,            UNNAMED,27,1949
799,AL101949,            UNNAMED,11,1949
800,AL111949,            UNNAMED,41,1949
801,AL121949,            UNNAMED,21,1949
802,AL131949,            UNNAMED,35,1949
803,AL141949,            UNNAMED,17,1949
804,AL151949,            UNNAMED,19,1949
805,AL161949,            UNNAMED,9,1949
806,AL011950,               ABLE,51,1950
807,AL021950,              BAKER,60,1950
808,AL031950,            CHARLIE,61,1950
809,AL041950,                DOG,74,1950
810,AL051950,               EASY,39,1950
811,AL061950,                FOX,38,1950
812,AL071950,             GEORGE,42,1950
813,AL081950,                HOW,15,1950
814,AL091950,               ITEM,16,1950
815,AL101950,                JIG,27,1950
816,AL111950,               KING,31,1950
817,AL121950,            UNNAMED,31,1950
818,AL131950,               LOVE,21,1950
819,AL141950,               MIKE,14,1950
820,AL151950,            UNNAMED,10,1950
821,AL161950,            UNNAMED,10,1950
822,AL011951,            UNNAMED,41,1951
823,AL021951,               ABLE,36,1951
824,AL031951,              BAKER,15,1951
825,AL041951,            CHARLIE,52,1951
826,AL051951,                DOG,38,1951
827,AL061951,               EASY,55,1951
828,AL071951,                FOX,35,1951
829,AL081951,             GEORGE,11,1951
830,AL091951,                HOW,53,1951
831,AL101951,               ITEM,23,1951
832,AL111951,                JIG,20,1951
833,AL121951,            UNNAMED,36,1951
834,AL011952,            UNNAMED,13,1952
835,AL021952,               ABLE,66,1952
836,AL031952,            UNNAMED,6,1952
837,AL041952,              BAKER,40,1952
838,AL051952,            UNNAMED,27,1952
839,AL061952,            CHARLIE,29,1952
840,AL071952,                DOG,26,1952
841,AL081952,            UNNAMED,21,1952
842,AL091952,               EASY,21,1952
843,AL101952,                FOX,36,1952
844,AL111952,            UNNAMED,25,1952
845,AL011953,              ALICE,53,1953
846,AL021953,            UNNAMED,18,1953
847,AL031953,            BARBARA,26,1953
848,AL041953,              CAROL,52,1953
849,AL051953,            UNNAMED,13,1953
850,AL061953,              DOLLY,35,1953
851,AL071953,               EDNA,28,1953
852,AL081953,            UNNAMED,23,1953
853,AL091953,           FLORENCE,19,1953
854,AL101953,               GAIL,41,1953
855,AL111953,            UNNAMED,19,1953
856,AL121953,              HAZEL,40,1953
857,AL131953,            UNNAMED,15,1953
858,AL141953,            UNNAMED,9,1953
859,AL011954,            UNNAMED,14,1954
860,AL021954,            UNNAMED,29,1954
861,AL031954,              ALICE,13,1954
862,AL041954,            UNNAMED,15,1954
863,AL051954,            BARBARA,14,1954
864,AL061954,              CAROL,30,1954
865,AL071954,              DOLLY,18,1954
866,AL081954,               EDNA,41,1954
867,AL091954,            UNNAMED,8,1954
868,AL101954,           FLORENCE,11,1954
869,AL111954,            UNNAMED,11,1954
870,AL121954,              GILDA,24,1954
871,AL131954,            UNNAMED,48,1954
872,AL141954,              HAZEL,56,1954
873,AL151954,            UNNAMED,21,1954
874,AL161954,              ALICE,29,1954
875,AL011955,             BRENDA,14,1955
876,AL021955,             CONNIE,49,1955
877,AL031955,              DIANE,67,1955
878,AL041955,              EDITH,60,1955
879,AL051955,            UNNAMED,14,1955
880,AL061955,              FLORA,31,1955
881,AL071955,             GLADYS,14,1955
882,AL081955,               IONE,69,1955
883,AL091955,              HILDA,39,1955
884,AL101955,              JANET,40,1955
885,AL111955,            UNNAMED,22,1955
886,AL121955,            UNNAMED,18,1955
887,AL131955,              KATIE,20,1955
888,AL011956,            UNNAMED,15,1956
889,AL021956,               ANNA,9,1956
890,AL031956,              BETSY,50,1956
891,AL041956,              CARLA,38,1956
892,AL051956,               DORA,12,1956
893,AL061956,              ETHEL,11,1956
894,AL071956,             FLOSSY,52,1956
895,AL081956,              GRETA,30,1956
896,AL091956,            UNNAMED,14,1956
897,AL101956,            UNNAMED,12,1956
898,AL111956,            UNNAMED,20,1956
899,AL121956,            UNNAMED,11,1956
900,AL011957,            UNNAMED,32,1957
901,AL021957,             AUDREY,20,1957
902,AL031957,             BERTHA,14,1957
903,AL041957,             CARRIE,95,1957
904,AL051957,             DEBBIE,10,1957
905,AL061957,             ESTHER,15,1957
906,AL071957,             FRIEDA,29,1957
907,AL081957,            UNNAMED,20,1957
908,AL011958,               ALMA,10,1958
909,AL021958,              BECKY,37,1958
910,AL031958,               CLEO,47,1958
911,AL041958,              DAISY,30,1958
912,AL051958,               ELLA,35,1958
913,AL061958,               FIFI,30,1958
914,AL071958,              GERDA,34,1958
915,AL081958,             HELENE,54,1958
916,AL091958,               ILSA,26,1958
917,AL101958,             JANICE,39,1958
918,AL111958,            UNNAMED,18,1958
919,AL121958,            UNNAMED,13,1958
920,AL011959,             ARLENE,24,1959
921,AL021959,             BEULAH,15,1959
922,AL031959,            UNNAMED,20,1959
923,AL041959,              CINDY,35,1959
924,AL051959,              DEBRA,22,1959
925,AL061959,              EDITH,6,1959
926,AL071959,              FLORA,17,1959
927,AL081959,             GRACIE,50,1959
928,AL091959,             HANNAH,46,1959
929,AL101959,              IRENE,13,1959
930,AL111959,             JUDITH,34,1959
931,AL121959,            UNNAMED,20,1959
932,AL131959,            UNNAMED,30,1959
933,AL141959,            UNNAMED,21,1959
934,AL011960,            UNNAMED,27,1960
935,AL021960,               ABBY,34,1960
936,AL031960,             BRENDA,46,1960
937,AL041960,               CLEO,14,1960
938,AL051960,              DONNA,72,1960
939,AL061960,              ETHEL,22,1960
940,AL071960,           FLORENCE,40,1960
941,AL081960,            UNNAMED,9,1960
942,AL011961,               ANNA,20,1961
943,AL021961,              BETSY,41,1961
944,AL031961,              CARLA,51,1961
945,AL041961,             DEBBIE,40,1961
946,AL051961,             ESTHER,67,1961
947,AL061961,            UNNAMED,14,1961
948,AL071961,            FRANCES,41,1961
949,AL081961,              GERDA,28,1961
950,AL091961,             HATTIE,20,1961
951,AL101961,              JENNY,34,1961
952,AL111961,               INGA,15,1961
953,AL011962,               ALMA,30,1962
954,AL021962,              BECKY,23,1962
955,AL031962,              CELIA,40,1962
956,AL041962,              DAISY,41,1962
957,AL051962,               ELLA,36,1962
958,AL011963,             ARLENE,43,1963
959,AL021963,             BEULAH,34,1963
960,AL031963,            UNNAMED,21,1963
961,AL041963,              CINDY,15,1963
962,AL051963,              DEBRA,23,1963
963,AL061963,              EDITH,24,1963
964,AL071963,              FLORA,69,1963
965,AL081963,              GINNY,56,1963
966,AL091963,             HELENA,18,1963
967,AL011964,            UNNAMED,38,1964
968,AL021964,            UNNAMED,26,1964
969,AL031964,               ABBY,13,1964
970,AL041964,             BRENDA,13,1964
971,AL051964,               CLEO,64,1964
972,AL061964,               DORA,75,1964
973,AL071964,              ETHEL,49,1964
974,AL081964,           FLORENCE,19,1964
975,AL091964,             GLADYS,48,1964
976,AL101964,              HILDA,30,1964
977,AL111964,             ISBELL,35,1964
978,AL121964,            UNNAMED,21,1964
979,AL011965,            UNNAMED,29,1965
980,AL021965,               ANNA,22,1965
981,AL031965,              BETSY,69,1965
982,AL041965,              CAROL,63,1965
983,AL051965,             DEBBIE,23,1965
984,AL061965,              ELENA,27,1965
985,AL011966,               ALMA,42,1966
986,AL021966,              BECKY,9,1966
987,AL031966,              CELIA,36,1966
988,AL051966,               ELLA,26,1966
989,AL041966,            DOROTHY,37,1966
990,AL061966,              FAITH,69,1966
991,AL071966,              GRETA,26,1966
992,AL081966,             HALLIE,7,1966
993,AL091966,               INEZ,81,1966
994,AL101966,             JUDITH,15,1966
995,AL111966,               LOIS,39,1966
996,AL011967,            UNNAMED,9,1967
997,AL021967,            UNNAMED,13,1967
998,AL031967,            UNNAMED,16,1967
999,AL041967,            UNNAMED,9,1967
1000,AL051967,            UNNAMED,17,1967
1001,AL061967,            UNNAMED,5,1967
1002,AL071967,            UNNAMED,13,1967
1003,AL081967,            UNNAMED,25,1967
1004,AL091967,            UNNAMED,13,1967
1005,AL101967,            UNNAMED,17,1967
1006,AL111967,             ARLENE,29,1967
1007,AL121967,              CHLOE,68,1967
1008,AL131967,             BEULAH,70,1967
1009,AL141967,              DORIA,55,1967
1010,AL151967,            UNNAMED,33,1967
1011,AL161967,            UNNAMED,33,1967
1012,AL171967,            UNNAMED,13,1967
1013,AL181967,              EDITH,21,1967
1014,AL191967,               FERN,13,1967
1015,AL201967,            UNNAMED,9,1967
1016,AL211967,             GINGER,14,1967
1017,AL221967,            UNNAMED,5,1967
1018,AL231967,            UNNAMED,9,1967
1019,AL241967,            UNNAMED,9,1967
1020,AL251967,              HEIDI,54,1967
1021,AL261967,            UNNAMED,13,1967
1022,AL011968,               ABBY,51,1968
1023,AL021968,             BRENDA,37,1968
1024,AL031968,              CANDY,15,1968
1025,AL041968,            UNNAMED,5,1968
1026,AL051968,              DOLLY,29,1968
1027,AL061968,            UNNAMED,25,1968
1028,AL071968,            UNNAMED,15,1968
1029,AL081968,               EDNA,31,1968
1030,AL091968,            UNNAMED,38,1968
1031,AL101968,            UNNAMED,19,1968
1032,AL111968,            UNNAMED,11,1968
1033,AL121968,            FRANCES,30,1968
1034,AL131968,            UNNAMED,18,1968
1035,AL141968,             GLADYS,34,1968
1036,AL151968,            UNNAMED,5,1968
1037,AL011969,            UNNAMED,17,1969
1038,AL021969,            UNNAMED,5,1969
1039,AL031969,            UNNAMED,9,1969
1040,AL041969,            UNNAMED,13,1969
1041,AL051969,            UNNAMED,9,1969
1042,AL061969,               ANNA,46,1969
1043,AL071969,            BLANCHE,10,1969
1044,AL081969,             DEBBIE,45,1969
1045,AL091969,            CAMILLE,37,1969
1046,AL101969,            UNNAMED,17,1969
1047,AL111969,            UNNAMED,9,1969
1048,AL121969,                EVE,12,1969
1049,AL131969,          FRANCELIA,27,1969
1050,AL141969,            UNNAMED,13,1969
1051,AL151969,            UNNAMED,21,1969
1052,AL161969,              GERDA,19,1969
1053,AL171969,              HOLLY,27,1969
1054,AL181969,            UNNAMED,17,1969
1055,AL191969,            UNNAMED,8,1969
1056,AL201969,               INGA,99,1969
1057,AL211969,            UNNAMED,19,1969
1058,AL221969,            UNNAMED,23,1969
1059,AL231969,            UNNAMED,10,1969
1060,AL241969,              JENNY,22,1969
1061,AL251969,               KARA,48,1969
1062,AL261969,             LAURIE,42,1969
1063,AL271969,            UNNAMED,14,1969
1064,AL281969,            UNNAMED,31,1969
1065,AL291969,             MARTHA,17,1969
1066,AL011970,               ALMA,39,1970
1067,AL021970,              BECKY,19,1970
1068,AL031970,            UNNAMED,22,1970
1069,AL041970,              CELIA,24,1970
1070,AL051970,            UNNAMED,17,1970
1071,AL061970,            UNNAMED,7,1970
1072,AL071970,            UNNAMED,29,1970
1073,AL081970,            UNNAMED,15,1970
1074,AL091970,            DOROTHY,25,1970
1075,AL101970,            UNNAMED,24,1970
1076,AL111970,            UNNAMED,10,1970
1077,AL121970,               ELLA,20,1970
1078,AL131970,             FELICE,23,1970
1079,AL141970,            UNNAMED,14,1970
1080,AL151970,            UNNAMED,73,1970
1081,AL161970,              GRETA,35,1970
1082,AL171970,            UNNAMED,9,1970
1083,AL181970,            UNNAMED,23,1970
1084,AL191970,            UNNAMED,33,1970
1085,AL011971,             ARLENE,15,1971
1086,AL021971,            UNNAMED,5,1971
1087,AL031971,            UNNAMED,5,1971
1088,AL041971,            UNNAMED,17,1971
1089,AL051971,            UNNAMED,13,1971
1090,AL061971,               BETH,29,1971
1091,AL071971,            UNNAMED,17,1971
1092,AL081971,              CHLOE,29,1971
1093,AL091971,              DORIA,36,1971
1094,AL101971,            UNNAMED,17,1971
1095,AL111971,               FERN,39,1971
1096,AL121971,            UNNAMED,22,1971
1097,AL131971,              EDITH,51,1971
1098,AL141971,             GINGER,118,1971
1099,AL151971,            UNNAMED,13,1971
1100,AL161971,            UNNAMED,17,1971
1101,AL171971,              HEIDI,17,1971
1102,AL181971,              IRENE,37,1971
1103,AL191971,             JANICE,15,1971
1104,AL201971,            UNNAMED,33,1971
1105,AL211971,             KRISTY,16,1971
1106,AL221971,              LAURA,39,1971
1107,AL011972,              ALPHA,24,1972
1108,AL021972,              AGNES,35,1972
1109,AL031972,            UNNAMED,8,1972
1110,AL041972,            UNNAMED,10,1972
1111,AL051972,            UNNAMED,18,1972
1112,AL061972,            UNNAMED,13,1972
1113,AL071972,            UNNAMED,10,1972
1114,AL081972,            UNNAMED,13,1972
1115,AL091972,            UNNAMED,9,1972
1116,AL101972,              BETTY,42,1972
1117,AL111972,             CARRIE,29,1972
1118,AL121972,            UNNAMED,9,1972
1119,AL131972,               DAWN,39,1972
1120,AL141972,            CHARLIE,11,1972
1121,AL151972,            UNNAMED,17,1972
1122,AL161972,            UNNAMED,9,1972
1123,AL171972,            UNNAMED,41,1972
1124,AL181972,            UNNAMED,17,1972
1125,AL191972,              DELTA,25,1972
1126,AL011973,            UNNAMED,13,1973
1127,AL021973,            UNNAMED,13,1973
1128,AL031973,            UNNAMED,9,1973
1129,AL041973,              ALICE,22,1973
1130,AL051973,            UNNAMED,9,1973
1131,AL061973,               ALFA,11,1973
1132,AL071973,            UNNAMED,9,1973
1133,AL081973,             BRENDA,16,1973
1134,AL091973,          CHRISTINE,42,1973
1135,AL101973,              DELIA,23,1973
1136,AL111973,            UNNAMED,25,1973
1137,AL121973,              ELLEN,37,1973
1138,AL131973,            UNNAMED,9,1973
1139,AL141973,               FRAN,20,1973
1140,AL151973,            UNNAMED,9,1973
1141,AL161973,              GILDA,56,1973
1142,AL171973,            UNNAMED,6,1973
1143,AL011974,            UNNAMED,17,1974
1144,AL021974,            UNNAMED,6,1974
1145,AL031974,            UNNAMED,9,1974
1146,AL041974,            UNNAMED,18,1974
1147,AL051974,            UNNAMED,19,1974
1148,AL061974,            UNNAMED,19,1974
1149,AL071974,               ALMA,13,1974
1150,AL081974,            UNNAMED,9,1974
1151,AL091974,              BECKY,28,1974
1152,AL101974,             CARMEN,49,1974
1153,AL111974,            UNNAMED,37,1974
1154,AL121974,              DOLLY,12,1974
1155,AL131974,             ELAINE,38,1974
1156,AL141974,               FIFI,33,1974
1157,AL151974,            UNNAMED,10,1974
1158,AL161974,            UNNAMED,17,1974
1159,AL171974,           GERTRUDE,27,1974
1160,AL181974,            UNNAMED,21,1974
1161,AL191974,            UNNAMED,13,1974
1162,AL201974,            UNNAMED,9,1974
1163,AL011975,            UNNAMED,21,1975
1164,AL021975,                AMY,31,1975
1165,AL031975,            UNNAMED,5,1975
1166,AL041975,            BLANCHE,20,1975
1167,AL051975,            UNNAMED,7,1975
1168,AL061975,            UNNAMED,9,1975
1169,AL071975,           CAROLINE,33,1975
1170,AL081975,              DORIS,29,1975
1171,AL091975,            UNNAMED,24,1975
1172,AL101975,            UNNAMED,13,1975
1173,AL111975,            UNNAMED,6,1975
1174,AL121975,            UNNAMED,14,1975
1175,AL131975,             ELOISE,47,1975
1176,AL141975,               FAYE,46,1975
1177,AL151975,             GLADYS,46,1975
1178,AL161975,            UNNAMED,17,1975
1179,AL171975,            UNNAMED,9,1975
1180,AL181975,            UNNAMED,13,1975
1181,AL191975,             HALLIE,14,1975
1182,AL201975,            UNNAMED,10,1975
1183,AL211975,            UNNAMED,18,1975
1184,AL221975,            UNNAMED,9,1975
1185,AL231975,            UNNAMED,17,1975
1186,AL011976,            UNNAMED,18,1976
1187,AL021976,            UNNAMED,10,1976
1188,AL031976,            UNNAMED,6,1976
1189,AL041976,            UNNAMED,9,1976
1190,AL051976,            UNNAMED,6,1976
1191,AL061976,               ANNA,37,1976
1192,AL071976,              BELLE,18,1976
1193,AL081976,             DOTTIE,15,1976
1194,AL091976,            CANDICE,25,1976
1195,AL101976,               EMMY,62,1976
1196,AL111976,            FRANCES,45,1976
1197,AL121976,            UNNAMED,9,1976
1198,AL131976,            UNNAMED,9,1976
1199,AL141976,            UNNAMED,15,1976
1200,AL151976,            UNNAMED,29,1976
1201,AL161976,            UNNAMED,10,1976
1202,AL171976,             GLORIA,35,1976
1203,AL181976,            UNNAMED,9,1976
1204,AL191976,            UNNAMED,37,1976
1205,AL201976,            UNNAMED,13,1976
1206,AL211976,              HOLLY,26,1976
1207,AL011977,            UNNAMED,6,1977
1208,AL021977,            UNNAMED,6,1977
1209,AL031977,            UNNAMED,5,1977
1210,AL041977,            UNNAMED,13,1977
1211,AL051977,              ANITA,20,1977
1212,AL061977,               BABE,24,1977
1213,AL071977,              CLARA,27,1977
1214,AL081977,            UNNAMED,9,1977
1215,AL091977,            UNNAMED,5,1977
1216,AL101977,            DOROTHY,15,1977
1217,AL111977,            UNNAMED,9,1977
1218,AL121977,            UNNAMED,9,1977
1219,AL131977,             EVELYN,10,1977
1220,AL141977,             FRIEDA,10,1977
1221,AL151977,            UNNAMED,6,1977
1222,AL011978,            UNNAMED,19,1978
1223,AL021978,            UNNAMED,6,1978
1224,AL031978,            UNNAMED,9,1978
1225,AL041978,             AMELIA,6,1978
1226,AL051978,               BESS,13,1978
1227,AL061978,               CORA,19,1978
1228,AL071978,            UNNAMED,18,1978
1229,AL081978,            UNNAMED,6,1978
1230,AL091978,              DEBRA,14,1978
1231,AL101978,               ELLA,27,1978
1232,AL111978,            UNNAMED,9,1978
1233,AL121978,            UNNAMED,33,1978
1234,AL131978,            FLOSSIE,50,1978
1235,AL141978,            UNNAMED,10,1978
1236,AL151978,               HOPE,39,1978
1237,AL161978,              GRETA,26,1978
1238,AL171978,            UNNAMED,45,1978
1239,AL181978,            UNNAMED,9,1978
1240,AL191978,               IRMA,14,1978
1241,AL201978,             JULIET,16,1978
1242,AL211978,            UNNAMED,18,1978
1243,AL221978,            UNNAMED,13,1978
1244,AL231978,             KENDRA,24,1978
1245,AL241978,            UNNAMED,9,1978
1246,AL011979,            UNNAMED,22,1979
1247,AL021979,                ANA,19,1979
1248,AL031979,            UNNAMED,21,1979
1249,AL041979,                BOB,29,1979
1250,AL051979,            UNNAMED,14,1979
1251,AL061979,          CLAUDETTE,57,1979
1252,AL071979,            UNNAMED,14,1979
1253,AL081979,            UNNAMED,25,1979
1254,AL091979,              DAVID,55,1979
1255,AL101979,            UNNAMED,13,1979
1256,AL111979,           FREDERIC,68,1979
1257,AL121979,              ELENA,13,1979
1258,AL131979,            UNNAMED,21,1979
1259,AL141979,             GLORIA,44,1979
1260,AL151979,              HENRI,39,1979
1261,AL161979,            UNNAMED,21,1979
1262,AL171979,            UNNAMED,33,1979
1263,AL181979,            UNNAMED,9,1979
1264,AL191979,            UNNAMED,21,1979
1265,AL201979,            UNNAMED,11,1979
1266,AL011980,            UNNAMED,17,1980
1267,AL021980,            UNNAMED,17,1980
1268,AL031980,            UNNAMED,17,1980
1269,AL041980,              ALLEN,46,1980
1270,AL051980,            UNNAMED,17,1980
1271,AL061980,             BONNIE,24,1980
1272,AL071980,            CHARLEY,22,1980
1273,AL081980,            UNNAMED,17,1980
1274,AL091980,            GEORGES,32,1980
1275,AL101980,               EARL,27,1980
1276,AL111980,           DANIELLE,12,1980
1277,AL121980,            FRANCES,61,1980
1278,AL131980,            HERMINE,23,1980
1279,AL141980,               IVAN,45,1980
1280,AL151980,            UNNAMED,9,1980
1281,AL161980,             JEANNE,35,1980
1282,AL171980,            UNNAMED,25,1980
1283,AL181980,               KARL,13,1980
1284,AL011981,            UNNAMED,5,1981
1285,AL021981,            UNNAMED,10,1981
1286,AL031981,             ARLENE,11,1981
1287,AL041981,            UNNAMED,11,1981
1288,AL051981,            UNNAMED,7,1981
1289,AL061981,               BRET,9,1981
1290,AL071981,            UNNAMED,8,1981
1291,AL081981,            UNNAMED,7,1981
1292,AL091981,              CINDY,12,1981
1293,AL101981,             DENNIS,60,1981
1294,AL111981,            UNNAMED,19,1981
1295,AL121981,            UNNAMED,12,1981
1296,AL131981,              EMILY,47,1981
1297,AL141981,              FLOYD,37,1981
1298,AL151981,               GERT,36,1981
1299,AL161981,             HARVEY,34,1981
1300,AL171981,            UNNAMED,11,1981
1301,AL181981,              IRENE,48,1981
1302,AL191981,            UNNAMED,36,1981
1303,AL201981,               JOSE,15,1981
1304,AL211981,            KATRINA,20,1981
1305,AL221981,            UNNAMED,20,1981
1306,AL011982,            ALBERTO,17,1982
1307,AL021982,            UNNAMED,12,1982
1308,AL031982,              BERYL,37,1982
1309,AL041982,            UNNAMED,15,1982
1310,AL051982,              CHRIS,16,1982
1311,AL061982,              DEBBY,30,1982
1312,AL071982,            UNNAMED,15,1982
1313,AL081982,            ERNESTO,11,1982
1314,AL011983,            UNNAMED,22,1983
1315,AL021983,            UNNAMED,25,1983
1316,AL031983,             ALICIA,25,1983
1317,AL041983,              BARRY,26,1983
1318,AL051983,            CHANTAL,20,1983
1319,AL061983,               DEAN,17,1983
1320,AL011984,            UNNAMED,11,1984
1321,AL021984,            UNNAMED,8,1984
1322,AL031984,            UNNAMED,11,1984
1323,AL041984,            UNNAMED,10,1984
1324,AL051984,            UNNAMED,14,1984
1325,AL061984,             ARTHUR,33,1984
1326,AL071984,             BERTHA,22,1984
1327,AL081984,              CESAR,12,1984
1328,AL091984,            UNNAMED,8,1984
1329,AL101984,              DIANA,33,1984
1330,AL111984,            EDOUARD,7,1984
1331,AL121984,               FRAN,21,1984
1332,AL131984,             GUSTAV,11,1984
1333,AL141984,           HORTENSE,40,1984
1334,AL151984,            ISIDORE,25,1984
1335,AL161984,          JOSEPHINE,56,1984
1336,AL171984,            UNNAMED,12,1984
1337,AL181984,              KLAUS,33,1984
1338,AL191984,            UNNAMED,20,1984
1339,AL201984,               LILI,49,1984
1340,AL011985,                ANA,16,1985
1341,AL021985,                BOB,21,1985
1342,AL031985,          CLAUDETTE,30,1985
1343,AL041985,              DANNY,37,1985
1344,AL051985,              ELENA,33,1985
1345,AL061985,            UNNAMED,21,1985
1346,AL071985,            UNNAMED,10,1985
1347,AL081985,             FABIAN,16,1985
1348,AL091985,             GLORIA,65,1985
1349,AL101985,              HENRI,15,1985
1350,AL111985,             ISABEL,36,1985
1351,AL121985,               JUAN,29,1985
1352,AL131985,               KATE,34,1985
1353,AL141985,            UNNAMED,10,1985
1354,AL011986,             ANDREW,16,1986
1355,AL021986,             BONNIE,21,1986
1356,AL031986,            UNNAMED,21,1986
1357,AL041986,            UNNAMED,7,1986
1358,AL051986,            CHARLEY,68,1986
1359,AL061986,            UNNAMED,21,1986
1360,AL071986,            UNNAMED,13,1986
1361,AL081986,           DANIELLE,14,1986
1362,AL091986,               EARL,38,1986
1363,AL101986,            FRANCES,13,1986
1364,AL011987,            UNNAMED,31,1987
1365,AL031987,            UNNAMED,32,1987
1366,AL021987,             ARLENE,81,1987
1367,AL041987,            UNNAMED,11,1987
1368,AL051987,               BRET,26,1987
1369,AL061987,            UNNAMED,14,1987
1370,AL071987,              CINDY,22,1987
1371,AL081987,            UNNAMED,12,1987
1372,AL091987,            UNNAMED,7,1987
1373,AL101987,             DENNIS,49,1987
1374,AL111987,            UNNAMED,17,1987
1375,AL121987,              EMILY,30,1987
1376,AL131987,              FLOYD,21,1987
1377,AL141987,            UNNAMED,17,1987
1378,AL011988,            ALBERTO,13,1988
1379,AL021988,              BERYL,12,1988
1380,AL031988,              CHRIS,39,1988
1381,AL041988,              DEBBY,33,1988
1382,AL051988,            ERNESTO,9,1988
1383,AL061988,            UNNAMED,13,1988
1384,AL071988,           FLORENCE,20,1988
1385,AL081988,            GILBERT,49,1988
1386,AL091988,             HELENE,44,1988
1387,AL101988,              ISAAC,12,1988
1388,AL111988,               JOAN,53,1988
1389,AL121988,              KEITH,39,1988
1390,AL131988,            UNNAMED,9,1988
1391,AL141988,            UNNAMED,7,1988
1392,AL151988,            UNNAMED,45,1988
1393,AL161988,            UNNAMED,16,1988
1394,AL171988,            UNNAMED,2,1988
1395,AL181988,            UNNAMED,6,1988
1396,AL191988,            UNNAMED,9,1988
1397,AL011989,            UNNAMED,7,1989
1398,AL021989,            ALLISON,29,1989
1399,AL031989,              BARRY,18,1989
1400,AL041989,            CHANTAL,16,1989
1401,AL051989,               DEAN,38,1989
1402,AL061989,            UNNAMED,36,1989
1403,AL071989,               ERIN,37,1989
1404,AL081989,              FELIX,63,1989
1405,AL091989,            UNNAMED,6,1989
1406,AL101989,          GABRIELLE,58,1989
1407,AL111989,               HUGO,64,1989
1408,AL121989,               IRIS,21,1989
1409,AL131989,            UNNAMED,15,1989
1410,AL141989,              JERRY,20,1989
1411,AL151989,              KAREN,24,1989
1412,AL011990,            UNNAMED,7,1990
1413,AL021990,             ARTHUR,22,1990
1414,AL031990,             BERTHA,37,1990
1415,AL041990,              CESAR,31,1990
1416,AL061990,            EDOUARD,44,1990
1417,AL051990,              DIANA,25,1990
1418,AL071990,               FRAN,13,1990
1419,AL081990,             GUSTAV,41,1990
1420,AL091990,           HORTENSE,26,1990
1421,AL101990,            ISIDORE,55,1990
1422,AL111990,            UNNAMED,37,1990
1423,AL121990,          JOSEPHINE,62,1990
1424,AL131990,              KLAUS,25,1990
1425,AL141990,               LILI,38,1990
1426,AL151990,              MARCO,17,1990
1427,AL161990,               NANA,23,1990
1428,AL011991,                ANA,25,1991
1429,AL021991,            UNNAMED,6,1991
1430,AL031991,                BOB,55,1991
1431,AL041991,            UNNAMED,7,1991
1432,AL051991,            UNNAMED,13,1991
1433,AL061991,          CLAUDETTE,43,1991
1434,AL071991,              DANNY,19,1991
1435,AL081991,              ERIKA,18,1991
1436,AL091991,             FABIAN,11,1991
1437,AL101991,            UNNAMED,5,1991
1438,AL111991,              GRACE,18,1991
1439,AL121991,            UNNAMED,22,1991
1440,AL011992,            UNNAMED,14,1992
1441,AL021992,            UNNAMED,5,1992
1442,AL031992,            UNNAMED,8,1992
1443,AL041992,             ANDREW,52,1992
1444,AL051992,             BONNIE,61,1992
1445,AL061992,            CHARLEY,30,1992
1446,AL071992,           DANIELLE,18,1992
1447,AL081992,            UNNAMED,25,1992
1448,AL091992,               EARL,29,1992
1449,AL101992,            FRANCES,31,1992
1450,AL011993,            UNNAMED,11,1993
1451,AL021993,             ARLENE,15,1993
1452,AL031993,               BRET,33,1993
1453,AL041993,              CINDY,12,1993
1454,AL051993,              EMILY,61,1993
1455,AL061993,             DENNIS,21,1993
1456,AL071993,              FLOYD,23,1993
1457,AL081993,               GERT,30,1993
1458,AL091993,             HARVEY,13,1993
1459,AL101993,            UNNAMED,5,1993
1460,AL011994,            ALBERTO,32,1994
1461,AL021994,            UNNAMED,6,1994
1462,AL031994,              BERYL,20,1994
1463,AL041994,              CHRIS,30,1994
1464,AL051994,            UNNAMED,9,1994
1465,AL061994,              DEBBY,8,1994
1466,AL071994,            ERNESTO,18,1994
1467,AL081994,            UNNAMED,10,1994
1468,AL091994,            UNNAMED,7,1994
1469,AL101994,            UNNAMED,7,1994
1470,AL111994,           FLORENCE,28,1994
1471,AL121994,             GORDON,59,1994
1472,AL011995,            ALLISON,35,1995
1473,AL021995,              BARRY,24,1995
1474,AL031995,            CHANTAL,41,1995
1475,AL041995,               DEAN,22,1995
1476,AL051995,               ERIN,30,1995
1477,AL061995,            UNNAMED,9,1995
1478,AL071995,              FELIX,69,1995
1479,AL081995,          GABRIELLE,11,1995
1480,AL091995,           HUMBERTO,41,1995
1481,AL101995,               IRIS,66,1995
1482,AL111995,              JERRY,22,1995
1483,AL121995,              KAREN,31,1995
1484,AL131995,               LUIS,66,1995
1485,AL141995,            UNNAMED,17,1995
1486,AL151995,            MARILYN,79,1995
1487,AL161995,               NOEL,45,1995
1488,AL171995,               OPAL,39,1995
1489,AL181995,              PABLO,16,1995
1490,AL191995,            ROXANNE,56,1995
1491,AL201995,          SEBASTIEN,19,1995
1492,AL211995,              TANYA,29,1995
1493,AL011996,             ARTHUR,22,1996
1494,AL021996,             BERTHA,51,1996
1495,AL031996,              CESAR,18,1996
1496,AL041996,              DOLLY,25,1996
1497,AL051996,            EDOUARD,73,1996
1498,AL061996,               FRAN,72,1996
1499,AL071996,             GUSTAV,29,1996
1500,AL081996,           HORTENSE,53,1996
1501,AL091996,            ISIDORE,33,1996
1502,AL101996,          JOSEPHINE,47,1996
1503,AL111996,               KYLE,7,1996
1504,AL121996,               LILI,60,1996
1505,AL131996,              MARCO,54,1996
1506,AL011997,            UNNAMED,9,1997
1507,AL021997,                ANA,19,1997
1508,AL031997,               BILL,10,1997
1509,AL041997,          CLAUDETTE,16,1997
1510,AL051997,              DANNY,47,1997
1511,AL061997,            UNNAMED,8,1997
1512,AL071997,              ERIKA,67,1997
1513,AL081997,             FABIAN,17,1997
1514,AL091997,              GRACE,13,1997
1515,AL011998,               ALEX,26,1998
1516,AL021998,             BONNIE,49,1998
1517,AL031998,            CHARLEY,13,1998
1518,AL041998,           DANIELLE,61,1998
1519,AL051998,               EARL,33,1998
1520,AL061998,            FRANCES,21,1998
1521,AL071998,            GEORGES,71,1998
1522,AL081998,            HERMINE,15,1998
1523,AL091998,               IVAN,36,1998
1524,AL101998,             JEANNE,54,1998
1525,AL111998,               KARL,26,1998
1526,AL121998,               LISA,21,1998
1527,AL131998,              MITCH,78,1998
1528,AL141998,             NICOLE,35,1998
1529,AL011999,             ARLENE,26,1999
1530,AL021999,            UNNAMED,4,1999
1531,AL031999,               BRET,26,1999
1532,AL041999,              CINDY,51,1999
1533,AL051999,             DENNIS,66,1999
1534,AL061999,              EMILY,18,1999
1535,AL071999,            UNNAMED,8,1999
1536,AL081999,              FLOYD,50,1999
1537,AL091999,               GERT,49,1999
1538,AL101999,             HARVEY,14,1999
1539,AL111999,            UNNAMED,10,1999
1540,AL121999,            UNNAMED,12,1999
1541,AL131999,              IRENE,34,1999
1542,AL141999,               JOSE,34,1999
1543,AL151999,            KATRINA,16,1999
1544,AL161999,              LENNY,39,1999
1545,AL012000,            UNNAMED,4,2000
1546,AL022000,            UNNAMED,12,2000
1547,AL032000,            ALBERTO,87,2000
1548,AL042000,            UNNAMED,13,2000
1549,AL052000,              BERYL,9,2000
1550,AL062000,              CHRIS,9,2000
1551,AL072000,              DEBBY,23,2000
1552,AL082000,            ERNESTO,10,2000
1553,AL092000,            UNNAMED,6,2000
1554,AL102000,           FLORENCE,29,2000
1555,AL112000,             GORDON,29,2000
1556,AL122000,             HELENE,42,2000
1557,AL132000,              ISAAC,52,2000
1558,AL142000,              JOYCE,28,2000
1559,AL152000,              KEITH,35,2000
1560,AL162000,             LESLIE,26,2000
1561,AL172000,            MICHAEL,22,2000
1562,AL182000,             NADINE,13,2000
1563,AL192000,            UNNAMED,20,2000
1564,AL012001,            ALLISON,57,2001
1565,AL022001,            UNNAMED,5,2001
1566,AL032001,              BARRY,25,2001
1567,AL042001,            CHANTAL,33,2001
1568,AL052001,               DEAN,29,2001
1569,AL062001,               ERIN,62,2001
1570,AL072001,              FELIX,46,2001
1571,AL082001,          GABRIELLE,41,2001
1572,AL092001,            UNNAMED,4,2001
1573,AL102001,           HUMBERTO,26,2001
1574,AL112001,               IRIS,22,2001
1575,AL122001,              JERRY,10,2001
1576,AL132001,              KAREN,19,2001
1577,AL142001,            LORENZO,16,2001
1578,AL152001,           MICHELLE,35,2001
1579,AL162001,               NOEL,12,2001
1580,AL172001,               OLGA,47,2001
1581,AL012002,             ARTHUR,20,2002
1582,AL022002,             BERTHA,23,2002
1583,AL032002,          CRISTOBAL,13,2002
1584,AL042002,              DOLLY,26,2002
1585,AL052002,            EDOUARD,21,2002
1586,AL062002,                FAY,23,2002
1587,AL072002,            UNNAMED,5,2002
1588,AL082002,             GUSTAV,30,2002
1589,AL092002,              HANNA,17,2002
1590,AL102002,            ISIDORE,55,2002
1591,AL112002,          JOSEPHINE,9,2002
1592,AL122002,               KYLE,90,2002
1593,AL132002,               LILI,57,2002
1594,AL142002,            UNNAMED,11,2002
1595,AL012003,                ANA,39,2003
1596,AL022003,            UNNAMED,4,2003
1597,AL032003,               BILL,21,2003
1598,AL042003,          CLAUDETTE,45,2003
1599,AL052003,              DANNY,44,2003
1600,AL062003,            UNNAMED,8,2003
1601,AL072003,            UNNAMED,7,2003
1602,AL082003,              ERIKA,11,2003
1603,AL092003,            UNNAMED,4,2003
1604,AL102003,             FABIAN,53,2003
1605,AL112003,              GRACE,13,2003
1606,AL122003,              HENRI,22,2003
1607,AL132003,             ISABEL,58,2003
1608,AL142003,            UNNAMED,10,2003
1609,AL152003,               JUAN,22,2003
1610,AL162003,               KATE,58,2003
1611,AL172003,              LARRY,42,2003
1612,AL182003,              MINDY,14,2003
1613,AL192003,           NICHOLAS,80,2003
1614,AL202003,             ODETTE,23,2003
1615,AL212003,              PETER,15,2003
1616,AL012004,               ALEX,25,2004
1617,AL022004,             BONNIE,44,2004
1618,AL032004,            CHARLEY,30,2004
1619,AL042004,           DANIELLE,46,2004
1620,AL052004,               EARL,9,2004
1621,AL062004,            FRANCES,75,2004
1622,AL072004,             GASTON,28,2004
1623,AL082004,            HERMINE,16,2004
1624,AL092004,               IVAN,94,2004
1625,AL102004,            UNNAMED,13,2004
1626,AL112004,             JEANNE,69,2004
1627,AL122004,               KARL,48,2004
1628,AL132004,               LISA,55,2004
1629,AL142004,            MATTHEW,13,2004
1630,AL152004,             NICOLE,8,2004
1631,AL162004,               OTTO,39,2004
1632,AL012005,             ARLENE,26,2005
1633,AL022005,               BRET,7,2005
1634,AL032005,              CINDY,34,2005
1635,AL042005,             DENNIS,59,2005
1636,AL052005,              EMILY,45,2005
1637,AL062005,           FRANKLIN,38,2005
1638,AL072005,               GERT,9,2005
1639,AL082005,             HARVEY,46,2005
1640,AL092005,              IRENE,56,2005
1641,AL102005,                TEN,21,2005
1642,AL112005,               JOSE,6,2005
1643,AL122005,            KATRINA,34,2005
1644,AL132005,                LEE,26,2005
1645,AL142005,              MARIA,51,2005
1646,AL152005,               NATE,29,2005
1647,AL162005,            OPHELIA,69,2005
1648,AL172005,           PHILIPPE,28,2005
1649,AL182005,               RITA,36,2005
1650,AL192005,           NINETEEN,9,2005
1651,AL202005,               STAN,17,2005
1652,AL212005,            UNNAMED,7,2005
1653,AL222005,              TAMMY,9,2005
1654,AL232005,         TWENTY-TWO,27,2005
1655,AL242005,              VINCE,15,2005
1656,AL252005,              WILMA,48,2005
1657,AL262005,              ALPHA,11,2005
1658,AL272005,               BETA,18,2005
1659,AL282005,              GAMMA,33,2005
1660,AL292005,              DELTA,42,2005
1661,AL302005,            EPSILON,43,2005
1662,AL312005,               ZETA,36,2005
1663,AL012006,            ALBERTO,38,2006
1664,AL022006,            UNNAMED,13,2006
1665,AL032006,              BERYL,18,2006
1666,AL042006,              CHRIS,23,2006
1667,AL052006,              DEBBY,26,2006
1668,AL062006,            ERNESTO,47,2006
1669,AL072006,           FLORENCE,62,2006
1670,AL082006,             GORDON,57,2006
1671,AL092006,             HELENE,62,2006
1672,AL102006,              ISAAC,24,2006
1673,AL012007,             ANDREA,31,2007
1674,AL022007,              BARRY,24,2007
1675,AL032007,            CHANTAL,23,2007
1676,AL042007,               DEAN,42,2007
1677,AL052007,               ERIN,21,2007
1678,AL062007,              FELIX,28,2007
1679,AL072007,          GABRIELLE,15,2007
1680,AL082007,             INGRID,26,2007
1681,AL092007,           HUMBERTO,11,2007
1682,AL102007,                TEN,4,2007
1683,AL112007,              JERRY,8,2007
1684,AL122007,              KAREN,19,2007
1685,AL132007,            LORENZO,14,2007
1686,AL142007,            MELISSA,31,2007
1687,AL152007,            FIFTEEN,26,2007
1688,AL162007,               NOEL,56,2007
1689,AL172007,               OLGA,25,2007
1690,AL012008,             ARTHUR,10,2008
1691,AL022008,             BERTHA,74,2008
1692,AL032008,          CRISTOBAL,18,2008
1693,AL042008,              DOLLY,31,2008
1694,AL052008,            EDOUARD,14,2008
1695,AL062008,                FAY,60,2008
1696,AL072008,             GUSTAV,50,2008
1697,AL082008,              HANNA,49,2008
1698,AL092008,                IKE,62,2008
1699,AL102008,          JOSEPHINE,33,2008
1700,AL112008,               KYLE,23,2008
1701,AL122008,              LAURA,34,2008
1702,AL132008,              MARCO,8,2008
1703,AL142008,               NANA,14,2008
1704,AL152008,               OMAR,32,2008
1705,AL162008,            SIXTEEN,8,2008
1706,AL172008,             PALOMA,36,2008
1707,AL012009,                ONE,15,2009
1708,AL022009,                ANA,26,2009
1709,AL032009,               BILL,46,2009
1710,AL042009,          CLAUDETTE,8,2009
1711,AL052009,              DANNY,12,2009
1712,AL062009,              ERIKA,12,2009
1713,AL072009,               FRED,48,2009
1714,AL082009,              EIGHT,7,2009
1715,AL092009,              GRACE,37,2009
1716,AL102009,              HENRI,23,2009
1717,AL112009,                IDA,31,2009
1718,AL012010,               ALEX,32,2010
1719,AL022010,                TWO,13,2010
1720,AL032010,             BONNIE,18,2010
1721,AL042010,              COLIN,25,2010
1722,AL052010,               FIVE,32,2010
1723,AL062010,           DANIELLE,51,2010
1724,AL072010,               EARL,55,2010
1725,AL082010,              FIONA,24,2010
1726,AL092010,             GASTON,30,2010
1727,AL102010,            HERMINE,23,2010
1728,AL112010,               IGOR,61,2010
1729,AL122010,              JULIA,51,2010
1730,AL132010,               KARL,22,2010
1731,AL142010,               LISA,38,2010
1732,AL152010,            MATTHEW,16,2010
1733,AL162010,             NICOLE,12,2010
1734,AL172010,               OTTO,47,2010
1735,AL182010,              PAULA,21,2010
1736,AL192010,            RICHARD,29,2010
1737,AL202010,              SHARY,9,2010
1738,AL212010,              TOMAS,54,2010
1739,AL012011,             ARLENE,13,2011
1740,AL022011,               BRET,29,2011
1741,AL032011,              CINDY,13,2011
1742,AL042011,                DON,14,2011
1743,AL052011,              EMILY,24,2011
1744,AL062011,           FRANKLIN,15,2011
1745,AL072011,               GERT,19,2011
1746,AL082011,             HARVEY,17,2011
1747,AL092011,              IRENE,43,2011
1748,AL102011,                TEN,9,2011
1749,AL112011,               JOSE,13,2011
1750,AL122011,              KATIA,64,2011
1751,AL202011,            UNNAMED,14,2011
1752,AL132011,                LEE,22,2011
1753,AL142011,              MARIA,42,2011
1754,AL152011,               NATE,23,2011
1755,AL162011,            OPHELIA,59,2011
1756,AL172011,           PHILIPPE,65,2011
1757,AL182011,               RINA,31,2011
1758,AL192011,               SEAN,28,2011
1759,AL012012,            ALBERTO,20,2012
1760,AL022012,              BERYL,33,2012
1761,AL032012,              CHRIS,31,2012
1762,AL042012,              DEBBY,18,2012
1763,AL052012,            ERNESTO,39,2012
1764,AL062012,           FLORENCE,21,2012
1765,AL072012,             HELENE,38,2012
1766,AL082012,             GORDON,26,2012
1767,AL092012,              ISAAC,51,2012
1768,AL102012,              JOYCE,12,2012
1769,AL112012,               KIRK,22,2012
1770,AL122012,             LESLIE,60,2012
1771,AL132012,            MICHAEL,42,2012
1772,AL142012,             NADINE,96,2012
1773,AL152012,              OSCAR,13,2012
1774,AL162012,              PATTY,11,2012
1775,AL172012,             RAFAEL,56,2012
1776,AL182012,              SANDY,45,2012
1777,AL192012,               TONY,20,2012
1778,AL012013,             ANDREA,14,2013
1779,AL022013,              BARRY,23,2013
1780,AL032013,            CHANTAL,13,2013
1781,AL042013,             DORIAN,51,2013
1782,AL052013,               ERIN,20,2013
1783,AL062013,            FERNAND,7,2013
1784,AL072013,          GABRIELLE,36,2013
1785,AL082013,              EIGHT,4,2013
1786,AL092013,           HUMBERTO,46,2013
1787,AL102013,             INGRID,22,2013
1788,AL112013,              JERRY,33,2013
1789,AL122013,              KAREN,14,2013
1790,AL132013,            LORENZO,21,2013
1791,AL142013,            MELISSA,26,2013
1792,AL152013,            UNNAMED,16,2013
1793,AL012014,             ARTHUR,47,2014
1794,AL022014,                TWO,17,2014
1795,AL032014,             BERTHA,47,2014
1796,AL042014,          CRISTOBAL,39,2014
1797,AL052014,              DOLLY,13,2014
1798,AL062014,            EDOUARD,47,2014
1799,AL072014,                FAY,14,2014
1800,AL082014,            GONZALO,39,2014
1801,AL092014,              HANNA,37,2014
1802,AL012015,                ANA,28,2015
1803,AL022015,               BILL,22,2015
1804,AL032015,          CLAUDETTE,15,2015
1805,AL042015,              DANNY,31,2015
1806,AL052015,              ERIKA,16,2015
1807,AL062015,               FRED,31,2015
1808,AL072015,              GRACE,17,2015
1809,AL082015,              HENRI,13,2015
1810,AL092015,               NINE,19,2015
1811,AL102015,                IDA,51,2015
1812,AL112015,            JOAQUIN,76,2015
1813,AL122015,               KATE,20,2015
1814,AL012016,               ALEX,42,2016
1815,AL022016,             BONNIE,56,2016
1816,AL032016,              COLIN,15,2016
1817,AL042016,           DANIELLE,12,2016
1818,AL052016,               EARL,20,2016
1819,AL062016,              FIONA,31,2016
1820,AL072016,             GASTON,53,2016
1821,AL082016,              EIGHT,21,2016
1822,AL092016,            HERMINE,47,2016
1823,AL102016,                IAN,21,2016
1824,AL112016,              JULIA,33,2016
1825,AL122016,               KARL,54,2016
1826,AL132016,               LISA,30,2016
1827,AL142016,            MATTHEW,50,2016
1828,AL152016,             NICOLE,63,2016
1829,AL162016,               OTTO,38,2016
1830,AL012017,             ARLENE,27,2017
1831,AL022017,               BRET,9,2017
1832,AL032017,              CINDY,20,2017
1833,AL042017,            UNNAMED,9,2017
1834,AL052017,                DON,7,2017
1835,AL062017,              EMILY,11,2017
1836,AL072017,           FRANKLIN,18,2017
1837,AL082017,               GERT,28,2017
1838,AL092017,             HARVEY,74,2017
1839,AL112017,               IRMA,66,2017
1840,AL122017,               JOSE,85,2017
1841,AL132017,              KATIA,18,2017
1842,AL142017,                LEE,63,2017
1843,AL152017,              MARIA,68,2017
1844,AL162017,               NATE,32,2017
1845,AL172017,            OPHELIA,47,2017
1846,AL182017,           PHILIPPE,7,2017
1847,AL192017,               RINA,21,2017
